name,C,k_nn,k,E,N,l
moreno-health,0.14667679949853207,9.851484784843425,8.235525797558093,10455,2539,4.559388278862356
soc-fb,0.24163929030251036,165.38026942798587,98.10271016744346,568309,11586,2.818565439321086
routers,0.24642937534918363,18.28241375328453,6.277330809275911,6632,2113,4.607423471582842
